Total eve charge,Total intl minutes,Customer service calls,Total night minutes,Total day minutes,Total intl charge,AreaCode_408,Number vmail messages,Total day charge,Total eve calls,Total day calls,AreaCode_415,International plan,Account length,Total intl calls,Voice mail plan,Total night charge,Total night calls,Total eve minutes,Churn
16.78,10.0,1,244.7,265.1,2.7,False,25,45.07,99,110,True,0,128,3,1,11.01,91,197.4,0
16.62,13.7,1,254.4,161.6,3.7,False,26,27.47,103,123,True,0,107,3,1,11.45,103,195.5,0
10.3,12.2,0,162.6,243.4,3.29,False,0,41.38,110,114,True,0,137,5,0,7.32,104,121.2,0
5.26,6.6,2,196.9,299.4,1.78,True,0,50.9,88,71,False,1,84,7,0,8.86,89,61.9,0
12.61,10.1,3,186.9,166.7,2.73,False,0,28.34,122,113,True,1,75,3,0,8.41,121,148.3,0
